venue_id,venue_lon,venue_lat,zone_id
ven_344c563654744266547349526b6f7733506f68442d65734a496843,-73.9365275,40.8041975,74
,,,
ven_385252516c6f7a32335439526b6f7759782d57657a5f744a496843,-73.9625475,40.7760566,236
ven_3873773153757568447453526b6f7759786250473457374a496843,,,-1
ven_415a37545a367078557066526b6f775a5a6271774a626e4a496843,-74.0010646,40.7533803,246
ven_416e6931744d78386b7a69526b6f775a357549446a7a2d4a496843,,,-1
ven_4172616d63443741336d36526b6f775a4e676b704654464a496843,,,-1
ven_4551746438656c42365158526b6f775a4e3641514a5a6b4a496843,-73.9925543,40.7394618,234
ven_456a3266757a4250707a4e526b6f775a524135576738364a496843,-73.966233,40.7710116,237
ven_456e54656a5a6276575936526b6f775a4e2d43744f5f644a496843,-73.9552754,40.7796391,236
ven_494a68323156454c57744d526b6f775935666f68472d764a496843,-73.9739283,40.7622994,163
ven_494d30494477545a4a657a526b6f7759563531734432524a496843,-73.959902,40.779781,236
ven_49625652563441766a3837526b6f775a427959317a51524a496843,,,-1
ven_4d566a675754566e775938526b6f775964767a734d342d4a496843,-73.9821026,40.7666966,163
ven_51446447416e773241794f526b6f775970494e52397a654a496843,-73.9803179,40.7783157,142
ven_51695f51454843725a5431526b6f775952656f495459354a496843,-73.9699129,40.758062,162
ven_51736a78682d7654687a38526b6f775a6c4f616d75646e4a496843,,,-1
ven_51765838504c5130754d69526b6f775a5a774e723436554a496843,-73.9915478,40.7348379,113
ven_517a647163634b746c6a42526b6f7759705f6c555f30424a496843,-73.9727616,40.7627542,163
ven_5555374d66394c73326e78526b6f775970593330655a794a496843,,,-1
ven_5555735448376450393335526b6f77597434376749586e4a496843,,,-1
ven_5936326a59676879566a2d526b6f7766397a6a6c3234694a496843,,,-1
ven_636a794c346b73704c3170526b6f7759784f53665161574a496843,-73.967672,40.769029,237
ven_674654784575357a4d434b526b6f7759784f764e4834544a496843,,,-1
ven_6764536f457a4f364e6465526b6f775a6c61724458646e4a496843,,,-1
ven_67726a544b332d45634264526b6f77595a5f4c735033704a496843,-73.9831811,40.7685811,142
ven_67786f6559776463355574526b6f77326a414755372d7a4a496843,-73.9320958,40.7947504,74
ven_6b4563334e683767613339526b6f7759705f584a50346e4a496843,-73.9745464,40.7626859,163
ven_6b51424e43484f644f6f73526b6f775a35624e537264554a496843,,,-1
ven_6b51657951327931574d79526b6f7759784f524154524f4a496843,-73.9668651,40.7694553,237
ven_6b55594a626a3067414767526b6f775a6c636c4d4433644a496843,,,-1
ven_6b6e4b49334a396b437432526b6f77594a596b4c435a634a496843,,,-1
ven_6b77466c386b7878434a49526b6f7759745f714274584f4a496843,-73.969202,40.767036,237
ven_6f3367575f457366717473526b6f7759565f577156546e4a496843,-73.9822199,40.7743313,142
ven_6f3757646a364b33624150526b6f77596c4954726e514c4a496843,,,-1
Fifth avenue,,,-1
ven_6f594839656b4567743841526b6f775a52616c495f54304a496843,-73.9932557,40.7426666,90
ven_73306a6956627357544e53526b6f7759784c7750352d514a496843,-73.9543739,40.7777874,263
ven_7349707841675455786e57526b6f7759703461757451474a496843,-73.9822195,40.7791294,143
ven_77452d65676a4430616250526b6f7759782d704b5454704a496843,-73.9657658,40.7716586,237
ven_305157613159704143554e526b6f77327a6a416944584d4a496843,,,-1
ven_306d686f6679537162766c526b6f77324c69717a3858594a496843,-73.9593431,40.8008246,24
ven_3075502d337278736a3952526b6f775a4a72674a66616c4a496843,-73.9948593,40.7549013,68
ven_344f4d79636969674a4342526b6f775964314d7430536e4a496843,-73.988721,40.764091,48
ven_345049646f62573761314b526b6f773254786a4e3765534a496843,-73.9546432,40.8084147,41
ven_345253663836763832756f526b6f775a393563517377394a496843,-73.9903945,40.7365303,234
ven_3458593235796c7441736f526b6f775a394c464d6c32774a496843,-74.0061439,40.7424396,68
ven_3466483971693253303578526b6f7732765463666330384a496843,-73.966287,40.8042464,166
ven_346d334a45756f49467752526b6f775a5a62347130786d4a496843,-74.0022892,40.7507129,246
ven_4133437134305f48354a45526b6f775a4a7a434b7a786f4a496843,-73.9862825,40.7351214,107
ven_41447173382d415f674c61526b6f775a78425a687932494a496843,-73.9997371,40.7528918,68
ven_414a6d673165627268797a526b6f77594a3839567636464a496843,,,-1
ven_456c6a3469774243445068526b6f775a3172364d5378424a496843,-73.9990764,40.7387517,90
ven_45726a5056536837314f32526b6f775a706177714132434a496843,-73.984657,40.7545529,100
ven_51524c4a765a6e57613870526b6f775a4a77792d7454614a496843,-73.9714553,40.7518441,233
ven_51717653514d7730366249526b6f77624e41797a6a39754a496843,-73.9952913,40.7449592,90
ven_553150702d56576b7a7652526b6f775a357073625a78334a496843,-73.9886546,40.7318431,79
ven_554a466430693668306e31526b6f7759394949416957614a496843,,,-1
ven_5563704d4539434c6d7445526b6f775a5a7753726630674a496843,-73.9796742,40.746181,170
ven_556a587447624c4f5f4b39526b6f77595a504c547756534a496843,-73.9829556,40.7669361,48
ven_556e5f3675393756787575526b6f775a4a674f497a396a4a496843,-73.9768066,40.7525596,162
ven_5936326a59676879566a2d526b6f7766397a6a6c3234694a496843,,,-1
ven_5966445f6e70786d686750526b6f775a394c574174536b4a496843,-74.0063111,40.7428216,68
ven_5979723758766e56754467526b6f77326a6967775632684a496843,-73.9713217,40.7959149,238
ven_63436e304a565f4d627257526b6f7759745667317257724a496843,-73.9915792,40.7707775,50
ven_63456b77786e474b757563526b6f775a39326e6c5031304a496843,-73.9951853,40.7436655,90
ven_635f6239684d5362477779526b6f7759524f4d4c4959764a496843,-73.9663868,40.7593039,229
ven_6361414362415f504d3055526b6f775a78397537765f754a496843,-73.9960976,40.7232516,144
ven_6367354456587959525968526b6f77326a4172446665454a496843,-73.9418024,40.7989774,74
ven_673368364673754d693466526b6f775970756970582d444a496843,-73.960295,40.7663579,141
ven_67375a3630494f3539724b526b6f775952715a367036714a496843,-73.9524683,40.7833601,236
ven_674c306f645755326f547a526b6f775a68353967465a6c4a496843,-73.9912049,40.7348264,113
ven_675f6c4f315575497a4c64526b6f77595650514669316f4a496843,,,-1
ven_6762417456643052357247526b6f775a566171717736694a496843,-73.991425,40.7445028,234
ven_6b484a33576a50506b316d526b6f775946564b4d7379704a496843,-73.9894255,40.7633251,48
ven_6b655736786b3944445147526b6f77326e5173764f38384a496843,-73.9380789,40.8009359,74
ven_6f4a3437455573596f624c526b6f77324c414e756756504a496843,-73.9431148,40.7911217,75
ven_6f6368694c54334f386b32526b6f77596c726f685653664a496843,,,-1
ven_7732374951527a41425143526b6f7759706c584c4859394a496843,-73.9915642,40.7677253,50
ven_776351756c436838704850526b6f773258776a4d3039654a496843,-73.9437714,40.7985573,74
ven_30504d554d38614b6b6f78526b6f7759786267705963354a496843,-73.953953,40.778291,263
ven_307063396f374b4b4e6b71526b6f7759564a316c35656e4a496843,-73.9621872,40.7765565,236
ven_344d7478767a4b74377548526b6f7759566c78494a516d4a496843,-73.9848,40.758704,230
ven_34787a3570694c6e375964526b6f7759645a30414138594a496843,-73.9600011,40.7794813,236
ven_34796c4d6f6155632d5863526b6f77593934617a6c65714a496843,,,-1
ven_385252516c6f7a32335439526b6f7759782d57657a5f744a496843,-73.9625475,40.7760566,236
ven_3873773153757568447453526b6f7759786250473457374a496843,,,-1
ven_3875714251714574684232526b6f775a78614e3764616c4a496843,-73.9652857,40.7723883,237
ven_41385744666f5633537862526b6f775a3967446a6b34774a496843,-73.9967075,40.7223553,144
ven_41546447325f6964534674526b6f775a4673765f6133624a496843,-73.9597829,40.7705147,141
ven_4537554f41513330705337526b6f7759705f6736675a764a496843,-73.9733933,40.7631712,163
ven_454e45337a4148416b4d37526b6f775a564956534632774a496843,-73.9945975,40.7269989,114
ven_455946676359706d47646e526b6f77595a5f4c735033704a496843,-73.9825405,40.768593,142
ven_4565635872326c5643414d526b6f775a70364b4e5452304a496843,-73.985635,40.7506729,164
ven_4569325646577371436e67526b6f77594e6166594e59774a496843,,,-1
ven_456e54656a5a6276575936526b6f775a4e2d43744f5f644a496843,-73.9552754,40.7796391,236
ven_4935413664674943595a53526b6f775a743776425656564a496843,-73.9990473,40.7440372,90
ven_495843304f594b6f355130526b6f775978656f435636394a496843,-73.9653656,40.7715155,237
ven_4d4f47536d357169325957526b6f7759784f616a4537314a496843,,,-1
ven_51313230425f776a6d6d47526b6f775974666f6c787a514a496843,,,-1
ven_5156703347674332745769526b6f775931304b643232664a496843,,,-1
ven_51667962777a6c6d64306e526b49726f725a77756f366d4a496843,-73.9829981,40.766992,48
ven_51683176714b3744615056526b6f77597862375f6b576f4a496843,-73.9553549,40.7791847,236
ven_5172433631667633304967526b6f775a783654307553774a496843,,,-1
ven_517636454b535639515037526b6f775968566f6c767a4a4a496843,-73.9835094,40.7685604,142
ven_55317964596f7075755871526b6f77597476365a6f39624a496843,-73.9761776,40.7603849,161
ven_554f706737705165634678526b6f775a315a66614331724a496843,,,-1
ven_5555735448376450393335526b6f77597434376749586e4a496843,,,-1
ven_5566616f4e337545413945526b6f7759782d54524361674a496843,-73.9676192,40.7695551,237
ven_5577355866726e4c5f2d7a526b6f775a6c4b64414863364a496843,-73.9861371,40.7493905,164
ven_594d347279374661335a62526b6f775a465938664338314a496843,-73.9839958,40.72023,232
ven_5962576e4e726135545f56526b6f775939595a4d3558324a496843,-73.9750827,40.7830456,239
ven_5977566274766f5a5f6f57526b6f775a467747674b55474a496843,,,-1
ven_674654784575357a4d434b526b6f7759784f764e4834544a496843,,,-1
ven_6f6b34526d365f78674f41526b6f775a353432694a30304a496843,-73.9982019,40.7234978,144
ven_73306a6956627357544e53526b6f7759784c7750352d514a496843,-73.9543739,40.7777874,263
ven_774d586d354e5a6b6c4562526b6f7759425041344532384a496843,-73.972257,40.7630135,163
ven_775f646f6750325253517a526b6f7759706671475766524a496843,,,-1
ven_776c426b3172735a6f5455526b6f77595a5f4c735033704a496843,-73.98275,40.768164,142
ven_7774565736353150745f5f526b6f775a394948463778654a496843,-73.9974402,40.724355,144
,,,
ven_344b4b4b6f53574e2d6766526b6f7759566c7731545a654a496843,,,-1
ven_344c4a765168636d755334526b6f775a35576a595177444a496843,,,-1
ven_346a773453455166657967526b6f775a396f6933567a4d4a496843,,,-1
ven_4148746f5a506e74414143526b6f77595a314b6f3455794a496843,,,-1
Gift Expression Inc,,,-1
ven_45415665706c356d7a385a526b6f775a315048544252394a496843,,,-1
ven_455767536751545570386d526b6f775a704e49672d56534a496843,-73.9878782,40.7603864,48
ven_4559726b4f53414a705376526b6f775a314b78397136714a496843,,,-1
ven_455a31624d665164437a37526b6f77596866467145515f4a496843,,,-1
ven_456c694e4c624c6f555862526b6f7759566c74633152704a496843,-73.9854098,40.7591631,230
ven_45717a5248764b33445275526b6f775a78367a647731794a496843,,,-1
ven_4d396a464d58377841536a526b6f775a56654f463238784a496843,,,-1
ven_4d465f6e454c305564654f526b6f775a564870463336374a496843,,,-1
ven_4d50544870696848787862526b6f775a524a6a6e4b34544a496843,,,-1
ven_4d67644a7a4f42754a6772526b6f775a3949544542352d4a496843,-74.0011542,40.7538221,246
ven_4d68567669785469346469526b6f775a5a7167564965704a496843,-73.988793,40.74321,234
ven_4d6f776d77396236545252526b6f77595a46566c7a57364a496843,,,-1
ven_5145397349565f484b704e526b6f77595a5a633661514e4a496843,,,-1
ven_5149584e6b423237664c6b526b6f773248785f7a7356564a496843,-73.9483469,40.8044561,41
ven_51682d435f534d3778656c526b6f775a4a497765497a4f4a496843,,,-1
ven_55356e6f4872322d6c7879526b6f775a646d4d4976796d4a496843,,,-1
ven_554977416f345578784c55526b6f77596876504948524d4a496843,-73.9811633,40.7636582,163
ven_5974554375546d79337558526b6f7759355f69735a33474a496843,,,-1
ven_5978497a79425145364750526b6f77594e6c667a5962534a496843,,,-1
ven_6337736776704159596d39526b6f77594e466742737a4d4a496843,,,-1
ven_674d7877455a3951724c4e526b6f775978506277637a334a496843,,,-1
ven_6b4239445161524456464b526b6f77595a314662492d4b4a496843,,,-1
ven_6b5872516b756336487341526b6f77595a564c476b51354a496843,-73.9835957,40.762456,230
ven_6f453438614f534f377574526b6f775a466974504953354a496843,-74.0051287,40.7354342,249
Omni Gift Shop,,,-1
ven_6f5a534d314a7a7769335a526b6f775a744b7249665a2d4a496843,-73.9859844,40.7526504,100
ven_6f5f4568656f3767384579526b6f775a7871356b6e55484a496843,,,-1
ven_6f7a656878515045434150526b6f7761647944614d36784a496843,,,-1
ven_73384a356c42716a656576526b6f77616c684247547a624a496843,-74.0107418,40.712104,261
ven_736843386c3045586f6f5f526b6f7759566c2d5062314b4a496843,,,-1
ven_7377626750506d522d726e526b6f775a6c4b36446962574a496843,-73.9836228,40.7492225,170
ven_7730486869747a5747456c526b6f77595a466c5763365f4a496843,,,-1
ven_77446a687a695a67306746526b6f77595a6c64487854584a496843,-73.9847574,40.7606177,230
ven_7762697a6d665358397446526b6f7759563135584c52494a496843,,,-1
ven_30356e77514c7172685648526b6f7759524947385130624a496843,-73.9764072,40.7874921,239
ven_30365f61684a68514c7730526b6f775a6c6b7a707255624a496843,-73.9784575,40.7770249,142
ven_3038654c546f3936784873526b6f775a314864677151534a496843,-73.9852836,40.758049,230
ven_30356e77514c7172685648526b6f7759524947385130624a496843,-73.9764072,40.7874921,239
ven_30365f61684a68514c7730526b6f775a6c6b7a707255624a496843,-73.9784575,40.7770249,142
ven_3038654c546f3936784873526b6f775a314864677151534a496843,-73.9852836,40.758049,230
ven_3039793356676f745a3570526b6f775974496c6d7378524a496843,-73.9783639,40.777607,142
ven_304330524e695f70503476526b6f775a6c6e5a713332574a496843,-73.9767421,40.7629527,161
ven_3046564f552d3633755343526b6f77595649495368324c4a496843,-73.9725667,40.785675,239
ven_3048674a4764455f76744f526b6f77594a6f5f617658724a496843,-73.9739812,40.7911087,238
ven_304961777454515336474c526b6f775a4e5173735733524a496843,-73.974862,40.751164,162
ven_304d74385a726d4c746449526b6f7759565964796d33514a496843,-73.9738724,40.7844993,239
ven_304f705a563666457a3258526b6f775a6c7476456754364a496843,-73.9787434,40.7821972,239
ven_30506c5677346630437635526b6f775a78304d533079784a496843,-73.983104,40.7727862,142
ven_30516242387878596e4d41526b6f775a745f427a7766494a496843,-73.973045,40.785587,239
ven_3068674e6f56796343637a526b6f7759743177664259304a496843,-73.9766667,40.7638889,163
ven_306943706c304962617575526b6f77595249535675516f4a496843,-73.9754856,40.7867058,239
ven_30714e5a724f6950413148526b6f7759744c354b5331454a496843,-73.9532816,40.7754985,263
ven_342d4f33343573744c7a2d526b6f775a42774547545f774a496843,-73.9825026,40.7545381,161
ven_34416b6a74734635334274526b6f775964314e46695a734a496843,-73.9885436,40.764437,48
ven_345749524855354c344259526b6f775a56706b674639724a496843,-73.9802669,40.7800898,239
ven_3844703267353739533762526b6f775a7052724545786c4a496843,-73.9687101,40.7680535,237
ven_38493930432d7835416344526b6f775a46505a4f4566384a496843,-73.9807534,40.780121,239
ven_384a62436f6d5976694364526b6f77595a5968617061724a496843,-73.9779869,40.7870165,239
ven_3855585f5861474e706f34526b6f7759393079333631484a496843,-73.995992,40.764568,50
ven_385a743953644e70587637526b6f7759395f534f5334334a496843,-73.9823074,40.7597641,230
ven_38634657454b5f4e4f3633526b6f7759706f526b4956354a496843,-73.9808312,40.7780463,142
ven_386a38316843494f623939526b6f775956497a52385f6b4a496843,-73.975952,40.7858998,239
ven_386e695754345a63674c55526b6f775a52572d447461364a496843,-73.9872499,40.7286979,79
ven_412d3456724470426e4e74526b6f77595a3442455832334a496843,-73.9771187,40.784497,239
ven_41327361525f7279547a31526b6f77596c596e506e7a524a496843,-73.9801793,40.7802977,239
ven_4148494f684649484f4477526b6f775a4e68634d4255554a496843,-73.9880941,40.7456687,164
ven_414a747771393059503062526b6f7759523448483656324a496843,-73.9765902,40.7876417,239
ven_414b7738354e6969583170526b6f77594a6f5f317930534a496843,-73.9739083,40.7911514,238
ven_415745442d5a476e6b6736526b6f775a787569364655794a496843,-73.973205,40.7905048,238
ven_41585874446f73365f7a42526b6f77595a6f43636432304a496843,-73.9772987,40.78499,239
ven_4167636c42756f62557359526b6f775a646f545a4f554b4a496843,-73.976552,40.7860702,239
ven_4168437230416a45783158526b6f7759526c2d6f5339524a496843,-73.986654,40.757498,230
ven_416a395131386f65616b51526b6f7759703461425661574a496843,-73.9748508,40.7900008,238
ven_417239716752736e6c447a526b6f7759745078672d574d4a496843,-73.976753,40.761081,161
ven_417a5431376a5179444b58526b6f77596859716e6a574a4a496843,-73.9774244,40.7838797,239
ven_4531715754335f314a5337526b6f7759565950466435714a496843,-73.9727459,40.7851546,239
ven_4542344e3875744948577a526b6f7759747055696252704a496843,-73.9711298,40.7875139,238
ven_4543634c6c434732394731526b6f77595634334c5539324a496843,-73.977012,40.785275,239
ven_4546756a7858704b6e724c526b6f7759686f55346e30354a496843,-73.9805501,40.7820674,239
ven_454a426f344a7a6c764a74526b6f7759525f767035794b4a496843,-73.978841,40.7735151,142
ven_454b716e73544e6e535f74526b6f7759683159304f37494a496843,-73.9840336,40.7674675,48
ven_454f634678633041735971526b6f7759317230696763504a496843,-73.9567148,40.7764402,236
ven_4550537033587663775f54526b6f775a744869415761754a496843,-73.9572878,40.7831967,236
ven_45526743724b6275446346526b6f77616443703474574a4a496843,-73.9788567,40.7828892,239
ven_4557736c70763768333575526b6f775974592d573133714a496843,-73.9774567,40.7787036,239
ven_45594a653355315a67485a526b6f775a647548466537304a496843,-73.972441,40.7930356,238
ven_45686d5f4b314856766e31526b6f77334c4a30316453394a496843,-73.9707432,40.7955872,238
ven_4932505970545878416d71526b6f775a4a75666b6630474a496843,-73.9831866,40.7685526,142
ven_4945542d5a7655334d6a57526b6f7759523172664f56384a496843,-73.9888338,40.7564269,100
ven_495374556d36693165436d526b6f775a464558707631774a496843,-73.97539,40.7628591,163
ven_495a76784756397a636c61526b6f77595659624d79624f4a496843,-73.97349,40.784365,239
ven_49617343525a5972794235526b6f775a707135475357484a496843,-73.9853115,40.7539141,100
ven_49696f3179734b6a693473526b6f77595249534f6865434a496843,-73.9755259,40.786648,239
ven_496b764942506d56454b71526b6f775a564b6c5f69564a4a496843,-73.9740566,40.7846344,239
ven_4d396348634d4855643376526b6f775a5a664a2d61796a4a496843,-74.0160543,40.7202965,-1
ven_4d443645386a3859364c66526b6f7759354930487433714a496843,-73.9765697,40.7808671,239
ven_4d4e4a7a66346836745a31526b6f77597434434e4455414a496843,-73.9788889,40.7766667,142
ven_4d4f56636f49432d425736526b6f77326a6947344f327a4a496843,-73.97215,40.793637,238
ven_4d5479484a476c70664144526b6f7759746f423142634f4a496843,-73.9792883,40.7764282,142
ven_4d68414c714841656f6d2d526b6f775964467a735236764a496843,-73.9841351,40.7628851,230
ven_4d7363525932556e48667a526b6f77596c3442544d78754a496843,-73.9799412,40.7814235,239
ven_4d79736a4a727a504f415a526b6f77594e59644e6232714a496843,-73.97401,40.789355,238
ven_514f6c557435625a377953526b6f77594e3444305363374a496843,-73.9734946,40.7900606,238
ven_5158584145756f374a4b76526b6f777a376635445166474a496843,-73.931878,40.8689647,243
ven_515f325678612d31534c72526b6f7759353474423453314a496843,-73.976491,40.7800143,239
ven_515f466457386349774574526b6f775a46556e374353444a496843,-73.9812435,40.7662427,163
ven_51645f6d43556b5251305a526b6f775a6c31744b5359534a496843,-74.0076645,40.7329643,158
ven_51686c716e456d45333074526b6f77595a596f4646367a4a496843,-73.9774279,40.7879977,239
ven_5169454c59645f6c63436d526b6f7762644f366b727a354a496843,-74.0022644,40.7184548,231
ven_516c467570796e3658524b526b6f775a395562336d53584a496843,-73.994125,40.7560837,48
ven_517362734b764763584752526b6f775a4a3032463051764a496843,-73.9838551,40.7520979,164
ven_517633786e463661386438526b6f775a78387a6435336a4a496843,-73.9782259,40.7785377,142
ven_517a58434f57747944772d526b6f77595649306c47366c4a496843,-73.9767132,40.7857162,239
ven_553045716f6975386f7663526b6f775a743263763353354a496843,-73.979355,40.776916,142
ven_5536434b44427779443572526b6f775a5a356d787964624a496843,-74.000148,40.734457,249
ven_554753707a353136347861526b6f775a646b36515137564a496843,-73.9817558,40.7614218,230
ven_554f563759583653705f73526b6f775a646146374456574a496843,-73.984644,40.7419313,107
ven_555135764d4d546a5a596c526b6f775970347a47625a5a4a496843,-73.980872,40.775067,142
ven_55527370774e3350323349526b6f775a685a6d615f34534a496843,-73.9784446,40.7826105,239
ven_555966764a6e4a74677257526b6f77595636792d5257664a496843,-73.950454,40.784104,236
ven_555a7a4667656331714337526b6f775a4a396e6a55792d4a496843,-73.976464,40.7809766,239
ven_5574675f763163636a455f526b6f775952493438325f724a496843,-73.9727735,40.7859871,239
ven_55754a78505f3458706d75526b6f775a464b6444512d674a496843,-73.9727841,40.7853151,239
ven_5578692d5370733636656a526b6f77595a3441356359704a496843,-73.9778305,40.7842065,239
ven_592d5a6c757552454a5663526b6f77594e6f442d4d53364a496843,-73.977244,40.7842809,239
ven_593769776f766b664d5845526b6f775a6c4c387937664b4a496843,-74.0040228,40.7326763,249
ven_59394d6e4647334b39736f526b6f7759743444707577544a496843,-73.9792822,40.7763848,142
ven_5949374d505f6a4c4a6563526b6f775a4a3368674b5a4a4a496843,-73.9891975,40.7315339,79
ven_594c336c54424932686837526b6f77593559306b3066524a496843,-73.9763398,40.7811711,239
ven_594d2d536b726e74415734526b6f7759686f75465836484a496843,-73.9727092,40.786044,239
ven_594e6273744c653444744e526b6f7759425077455f32744a496843,,,-1
ven_59755648394e677857394b526b6f775a466431616830704a496843,-73.9847094,40.7291339,79
ven_597a616b6a716649565079526b6f77595a4a63445161384a496843,-73.9616247,40.7773172,236
ven_632d6d6e6755514d44334b526b6f775a4e7646636234574a496843,-73.9736525,40.784124,239
ven_63326b76356569306b6c5a526b6f77597870715033666b4a496843,-73.9714613,40.7877766,238
ven_634f4363417644424e616a526b6f775a685179765633524a496843,-73.9782004,40.7778053,142
ven_635a694159315a6c425f6d526b6f775a7877674f4d65774a496843,-73.9675372,40.7617421,162
ven_636672745f5152476b4548526b6f7759567052754e786d4a496843,-73.9604715,40.7724056,237
ven_636d5f33545a4f4f65736b526b6f7759743466574258654a496843,-73.9773026,40.7766182,142
ven_6373616b72775a37647977526b6f7759686f6c373258644a496843,-73.9789197,40.7832273,239
ven_6377336633385078573278526b6f775a643971693963364a496843,-73.9740449,40.7846314,239
ven_67324c54725333306d766f526b6f775a527a53733035734a496843,-73.9783903,40.7787678,142
ven_6736686e436e567a4f3668526b6f7759564947335f63534a496843,-73.972764,40.7852428,239
ven_6738354a2d754f6a655546526b6f7759314c7231542d5a4a496843,-73.9568009,40.7781335,236
ven_674e54306359797973556f526b6f775a46386e574662384a496843,-73.9724287,40.7858323,239
ven_674f4954736c757352515a526b6f775a7433633753314e4a496843,-73.973978,40.78964,238
ven_676367506d3938385f7968526b6f775974376f727657464a496843,-73.951729,40.7774408,263
ven_6766616e713152586e5374526b6f77595634454d5a37714a496843,-73.973303,40.784664,239
ven_676d735f5a644d594d4e43526b6f77616c433078735a664a496843,-73.9891648,40.7200222,148
ven_6776747147655a49456362526b6f775970346b506435334a496843,-73.9730595,40.7849326,239
ven_6777326f753853575a3875526b6f7759524643417333374a496843,-73.9889202,40.760397,48
ven_677a584d792d3872515771526b6f7759744977693362484a496843,-73.9788193,40.7781378,142
ven_677a6b384456717362517a526b6f775a314764555866484a496843,-73.9702123,40.7582203,162
ven_6b33335362354f62415f76526b6f7759565963366e37634a496843,-73.9734941,40.7842696,239
ven_6b3648306f6a476f504768526b6f775a68366f5a6261754a496843,-74.0005218,40.7471546,68
ven_6b4252475f792d6c5a5057526b6f775968653379652d394a496843,-73.964245,40.7643584,141
ven_6b476d4f456438784a6d66526b6f7759746f73505f364b4a496843,-73.980042,40.777616,142
ven_6b49317057486770392d52526b6f775a78756b736d30454a496843,-73.9807992,40.7831776,239
ven_6b61647667744a39587a64526b6f77594e46347458596f4a496843,-73.991841,40.7599217,48
ven_6b69536e344b337645554e526b6f775a5a5a764a55525f4a496843,-73.9999408,40.7338794,249
ven_6b735f37687a4c384b4c69526b6f77595a344156747a714a496843,-73.9777849,40.784271,239
ven_6b735f44766d736f7a796b526b6f7759563448652d624f4a496843,-73.9726719,40.7855246,239
ven_6b77366e314e6f6b72615a526b6f775a646841365758794a496843,-73.9808745,40.7742582,142
ven_6f3278704356366a453667526b6f7759527167502d53524a496843,-73.9536111,40.7825,236
ven_6f3970777349416b6b635a526b6f77594a4655377635704a496843,-73.9924645,40.7594201,48
ven_6f443454497a4b74587053526b6f775a524d596d6865794a496843,-73.9779183,40.7782965,142
ven_6f4d4d585279554f413278526b6f77596c6669713739334a496843,-73.977277,40.762523,161
ven_6f4e385436506f42426253526b6f775a314c72724e38484a496843,-73.9803543,40.7782554,142
ven_6f53534232357872613631526b6f7731336666523634794a496843,-73.9359283,40.7957236,74
ven_6f595061526b426975674e526b6f775a3570694e627a4e4a496843,-73.980098,40.778275,142
ven_6f61432d6942754d737746526b6f775970344a346851524a496843,-73.980857,40.779369,142
ven_6f735964364b4948356734526b6f77595a6f6d565f55384a496843,-73.9780435,40.787122,239
ven_6f786a366c6d6c51546b72526b6f7759706f54397933474a496843,-73.9804876,40.7778157,142
ven_7330663377497968657a68526b6f77594e3139724b51304a496843,-73.989071,40.760141,48
ven_73346149424d7857715942526b6f775a6876736d64304b4a496843,-73.9925595,40.7582293,48
ven_73373243427a7677647179526b6f77595a56676549666a4a496843,-73.9863,40.760885,230
ven_734147386d4d7064594f53526b6f775a7030663358626c4a496843,-74.005407,40.7253081,125
ven_7352766d375a61587a6372526b6f775a464e6f644f774e4a496843,-73.9807073,40.7785222,142
ven_735365637a644a62515946526b6f775a467167495153764a496843,-73.9885064,40.7384555,234
ven_73556451754c68694a3032526b6f77594e6f68373256424a496843,-73.9744883,40.788696,238
ven_736667483138515937774c526b6f775a705a305967565f4a496843,-73.9922849,40.7272011,114
ven_736b33656f702d3178326d526b6f77594a46747a385f5f4a496843,-73.9934938,40.7568372,48
ven_7376556d395f614c53746f526b6f775a4e566d7377655f4a496843,-73.9773326,40.7850624,239
ven_7379566367365444366462526b6f775a70384d744f38354a496843,-73.9808411,40.7626274,230
ven_7733766951725664516f7a526b6f7759686f70335f79704a496843,-73.9780648,40.7838279,239
ven_774d7a7a4d797276745762526b6f77597449454e6562614a496843,-73.979375,40.77615,142
ven_775373576f773733303343526b6f775a68634f4c34776c4a496843,-73.976963,40.7795505,239
ven_77667a36446e4432637273526b6f775a742d316366516c4a496843,-73.9662694,40.7898661,238
ven_77686b76675f51577a7053526b6f775a356b52654665324a496843,-73.9550884,40.7694424,141
ven_303749644b67576e694b55526b6f7759685f4a445761324a496843,-73.9752076,40.7757544,43
ven_304a6c77747a366c755455526b6f77594a7070575959454a496843,-73.9709661,40.7739489,43
ven_306c63565a476e6d385736526b6f775a39786b4a6755524a496843,-73.960524,40.7506105,202
ven_30782d4b5379586f66706d526b6f775a745f45477777774a496843,-73.9797268,40.7519349,170
ven_344c49766b705544393465526b6f77327244307a4159434a496843,-73.969002,40.802939,24
ven_3461647039357657624c66526b6f775a39616d754d78594a496843,-73.9915931,40.74702,186
ven_3466426a743170534d634c526b6f77594a76706c5363784a496843,-73.9715901,40.7723522,43
ven_346c6843676c5559377662526b6f775a354f49314937644a496843,-73.9787461,40.752764,161
ven_347a2d78444c59782d4f4f526b6f77594e3534494233744a496843,-73.9661749,40.7772238,43
ven_3844456669735664576538526b6f775942716d6c4a5a4b4a496843,-73.9557386,40.7900956,43
ven_3855656e41664c4f68764c526b6f7732446b2d6e71786f4a496843,-73.9630671,40.8134045,166
ven_38584b356562656e4a4a63526b6f77595a5f4d6d7456674a496843,-73.9819472,40.767375,163
ven_386231727a6a50624d4c4b526b6f775a642d45556a54644a496843,-73.9979167,40.7238545,144
ven_3862337a354c4c54387375526b6f7759706a2d304951714a496843,-74.0161074,40.7715954,-1
ven_38645155503361334d3934526b6f7759355956627538384a496843,-73.9738201,40.7812654,239
ven_3866497051714e61656e4b526b6f7759683141556f5a544a496843,-73.9837269,40.7652697,163
ven_386953773374434b6b5269526b6f7732547950655a52534a496843,-73.9556674,40.7950494,43
ven_386b4c712d792d70556e33526b6f77596c5f66384652324a496843,-73.9777664,40.7613146,161
ven_4132676164315471633870526b6f775a3138534d6154384a496843,-73.9727283,40.7747067,43
ven_41434b554a474f30326d2d526b6f77594a6153713854734a496843,-73.9578732,40.7843958,236
ven_41546174395076324a4a4a526b6f77594a4b5a6d53634b4a496843,-73.9586941,40.784066,43
ven_415658356c724c57637158526b6f7759355966794556494a496843,-73.9739079,40.7793487,239
ven_41633250634c684c2d2d78526b6f775956567774752d6b4a496843,-73.9850222,40.7590077,230
ven_416b786c6558446c49774b526b6f7751427045636154504a496843,-74.0445004,40.6892494,103
ven_453338504841477742644e526b6f776135556f514566504a496843,-73.9774428,40.7525313,162
ven_454e4e686e4a7046453659526b6f775a6c3673525158614a496843,-73.9856644,40.7484405,164
,,,
ven_45566b4479733438494a61526b6f775952704d3242546a4a496843,-73.962656,40.776238,236
ven_45767a5a37493134595157526b6f775964324e424e65734a496843,-73.9895416,40.7772489,143
ven_495f6e76636f42494a6841526b6f77595650686c735f774a496843,-73.9825585,40.7718311,142
ven_495f727346415163724f64526b6f77325f784f413864794a496843,-73.9581866,40.7946276,43
ven_496166424b6e594d315673526b6f7759525073506f58434a496843,-73.9739882,40.7813241,239
ven_496e4a6a53637471707138526b6f7759706131473859524a496843,-73.9371559,40.7860427,-1
ven_496f786742743433746c6f526b6f773144646a306c39344a496843,-73.9712496,40.7677306,43
ven_49724965316452505f3148526b6f77594a35553366315f4a496843,-73.9697174,40.7778736,43
ven_49726b487a6d4b496a5538526b6f77593949365744396f4a496843,-73.973086,40.7817616,239
ven_497334794b377835486e55526b6f775964356c4b565f4a4a496843,-73.9614299,40.7807318,43
ven_497749695a725530395438526b6f7759355531676c786e4a496843,-73.9996076,40.7645266,50
ven_4d324566304a52446b6234526b6f77594e5f786c4d33344a496843,-73.9752549,40.7699272,43
ven_4d446b59594e4549377562526b6f77594a4651414151414a496843,-73.9864553,40.7563736,230
ven_4d457a4474397179337835526b6f7759704a46752d77734a496843,-73.9666848,40.7833641,43
ven_4d4f717065304438546963526b6f773244306d4c6f66624a496843,-73.9630756,40.8119008,166
ven_4d6775434b4f4f3239616a526b6f775a64414f333534334a496843,-73.9813971,40.7492258,170
ven_4d6a306b416131617a736f526b6f7759355f7a6d3155394a496843,-73.9786736,40.7587402,161
ven_4d6b635a66496d5f4e4974526b6f77595a66714b76536f4a496843,-73.9777708,40.7691242,43
ven_5131757937506d716a5656526b6f7759316265523959354a496843,-73.958712,40.778881,236
ven_51386f4f4968583076775f526b6f77327a6a56375230614a496843,-73.9618754,40.8038356,166
ven_51416f63306f39377a4475526b6f77594a716d65355a6d4a496843,-73.9589706,40.7829796,236
ven_514c6e7669624a33455f70526b6f775a703635674762764a496843,-73.9832326,40.7535965,164
ven_5159664733765259417939526b6f77325f534d6134346a4a496843,-73.9733333,40.7986111,151
ven_51613841453567574f656b526b6f7759564632656134394a496843,-73.9843095,40.7593411,230
ven_516e525873374354527751526b6f7759313477732d34394a496843,-73.9730363,40.7776379,43
ven_5532317551593261384446526b6f775946505f576a57614a496843,-73.9718335,40.767778,43
ven_554975514d79783467714d526b6f77594e706e4e6b7a414a496843,-73.9665454,40.7750361,43
ven_554f66576a594b6a744d5f526b6f775a467258773155664a496843,-74.0002611,40.7596581,246
ven_555234376f4f4f30364447526b6f775a4a7752465057654a496843,-73.975502,40.7516208,162
ven_5556474f56636f7565674c526b6f7759566c78494a516d4a496843,-73.9855426,40.7579747,230
ven_55613477334b4957707751526b6f77595a49654f5632364a496843,-73.977283,40.785877,239
ven_556242455a4d50646d7736526b6f775a7061734749664e4a496843,-74.0015034,40.7628574,50
ven_557258376d4e6e56463972526b6f7759526f6b6e5f796f4a496843,-73.9733078,40.7871344,238
ven_557a78624d425838544f65526b6f7759316569484d30554a496843,-73.9710197,40.7699742,43
ven_593850536c663139675869526b6f77595270364a4d334e4a496843,-74.0088629,40.7395877,158
ven_5945636445507078654d7a526b6f77594a71514e6c35304a496843,-73.9577863,40.7843384,236
ven_594c414b424e7861515470526b6f77327652734f6a54714a496843,-73.95147,40.7970821,43
ven_59525f746b6a5a6f755359526b6f77594634376336374d4a496843,-73.9780108,40.7931487,238
ven_595736565a6d62787a7330526b6f77326e4272346b774c4a496843,-73.9563139,40.7986444,43
ven_595a6f4263556f73586448526b6f7759705f6762495f334a496843,-73.9735497,40.7632705,163
ven_595f5f784d463266636a6f526b6f7759424a4272355a4a4a496843,-73.9700393,40.7831954,43
ven_596454514639324f565773526b6f77325f525975565a6c4a496843,-73.959232,40.7946676,43
ven_5972624350616238694f57526b6f77595a5a31725930354a496843,-73.9653964,40.7796358,43
ven_5977343532576353545439526b6f77594e49533662556b4a496843,-73.9718323,40.789259,238
ven_6347305f59664842696755526b6f77326e53475669362d4a496843,-73.9749861,40.7969447,238
ven_63665372715245346e7638526b6f775a786e72757a35634a496843,-73.9851761,40.7576207,230
ven_636849347a37534f62464c526b6f77596434644a7230494a496843,-73.9821618,40.7870938,239
ven_63754b4d63705f396c6968526b6f7759523172664f56384a496843,-73.9888338,40.7564269,100
ven_673150687856684b77546b526b6f775a644d68505162354a496843,-74.0047649,40.7479925,246
ven_673437695f797470675874526b6f7759396534667a58464a496843,-73.9690677,40.7794302,43
ven_67344e7669664177774743526b6f77594e767263427a654a496843,-73.9748418,40.7717813,43
ven_6743617a59472d4a564449526b6f77595a76734c6156794a496843,-73.9772285,40.7684641,43
ven_67495930554434326f3657526b6f7759785045763457554a496843,-73.9761953,40.7586117,161
ven_674a5830354e5572664339526b6f77326e42436652575f4a496843,-73.9561413,40.7977826,43
ven_6764666e625a435a654552526b6f77316a645f693539314a496843,-73.9331378,40.8140937,-1
ven_67664d4c43655043527777526b6f7759785f7774527a304a496843,-73.9733474,40.7574631,162
ven_67665544532d79346b3566526b6f77594649706b4777544a496843,-73.9790084,40.7919925,238
ven_67696d56476149435f6965526b6f775a6c5a52445036524a496843,-73.9697743,40.7680433,237
ven_676a53423161456a363564526b6f773244555733565a364a496843,-73.9622491,40.8127856,166
ven_6772646250704a68513065526b6f77595a4f62595734794a496843,-73.9644024,40.7609038,141
ven_6b3733664d336870475547526b6f7759705a4146477a344a496843,-73.9655834,40.7825547,43
ven_6b586d396c7a675a304866526b6f775a5a6176523233704a496843,-73.9879992,40.7421951,234
ven_6b61692d6a414255627979526b6f776678716c5837364d4a496843,-74.0043787,40.7466458,68
ven_6b68703776545f78704e31526b6f7732334274596834694a496843,-73.9519089,40.7924939,75
ven_6b6d4f656b323831793364526b6f77594a6362353051624a496843,-73.958718,40.7651929,141
ven_6b75536349517175707875526b6f775a56516c42512d384a496843,-73.9752247,40.7451265,170
ven_6b7a72724d57625a307367526b6f7759565046364465454a496843,-73.9814889,40.7732389,142
ven_6f2d6e504338735f5f6656526b6f77596c5f656244784b4a496843,-73.9776216,40.7614327,161
ven_6f324e635f42314c477658526b6f7759746676475955634a496843,-73.9751349,40.7602157,161
ven_6f394669377a4466594d49526b6f775939664d4b7637654a496843,-73.9794087,40.7593495,161
ven_6f4b42787a706434525f76526b6f7759424a48384a39414a496843,-73.9709734,40.7822731,43
ven_6f705548536a3470353159526b6f7759527168733451624a496843,-73.9525284,40.7829399,236
ven_6f75512d4e737164414e37526b6f7759564a30584158554a496843,-73.96144,40.77634,236
ven_733950504e644550574537526b6f77327a42506e3037684a496843,-73.9524588,40.7936928,43
ven_734141687055567841634e526b6f77327a4255673054574a496843,-73.9514063,40.7931183,75
ven_73533764685f6d75566b6d526b6f77594a714f484c57594a496843,-73.957351,40.785334,236
ven_7366516c31652d4f4e436b526b6f7759314965613652694a496843,-73.9717784,40.7757544,43
ven_736d444f476c7279767844526b6f77326e53354b5639704a496843,-73.9764257,40.794717,238
ven_73723145754d4f78544171526b6f775a4e776c344636384a496843,-73.9783601,40.7516555,170
ven_737a4c6b5376744748712d526b6f77595a7039674a38624a496843,-73.963244,40.7794366,43
,,,
ven_7768585a615270346e454b526b6f7766426c2d4f312d4b4a496843,-73.9266429,40.7796852,-1
ven_7778775545424e486d7075526b6f7759465048596d644f4a496843,-73.9750243,40.7666397,43
